"课堂编号","镜号","输入及用途","平台模型规格","提示词位置","生成方式与理由","任务号","原片","采用开始秒","采用结束秒","积分","现金与依据","问题","下一步","来源与本人范围"
"","S01","","","","","","","","","","","","",""
"","S02","","","","","","","","","","","","",""
"","S03","","","","","","","","","","","","",""
"","S04","","","","","","","","","","","","",""
"","S05","","","","","","","","","","","","",""
"","S06","","","","","","","","","","","","",""
"","S07","","","","","","","","","","","","",""
"","S08","","","","","","","","","","","","",""
"","S09","","","","","","","","","","","","",""
"","S10","","","","","","","","","","","","",""
"","S11","","","","","","","","","","","","",""
"","S12","","","","","","","","","","","","",""
"","S13","","","","","","","","","","","","",""
"","S14","","","","","","","","","","","","",""
"","S15","","","","","","","","","","","","",""